{"objects": [24], "object_poses": {"24": [[-0.88344264045301, 0.010343472677512951, 0.46842514194095103, 0.04187973406319515], [0.055718372921793255, -0.990342678029141, 0.1269521287455586, 0.26574062176700025], [0.4652145354010113, 0.13825481057472003, 0.8743346289634132, 1.2552703301881318], [0.0, 0.0, 0.0, 1.0]]}, "intrinsic": [[1935.57, 0.0, 1128.74], [0.0, 1936.06, 644.617], [0.0, 0.0, 1.0]], "distortion": [-0.07472127406065505, -0.01612472930739643, 0.0007725152197631731, -5.1703809478315686e-05, -0.0617400347497742]}