{"objects": [24], "object_poses": {"24": [[-0.8234925094487845, 0.014192422540797308, 0.5671495940439191, 0.12279058994653803], [0.05991290827425102, -0.9919213383280403, 0.1118145875619043, 0.2649046951773009], [0.56415470422915, 0.12605805691006922, 0.8159894827656748, 1.2834561253856973], [0.0, 0.0, 0.0, 1.0]]}, "intrinsic": [[1935.57, 0.0, 1128.74], [0.0, 1936.06, 644.617], [0.0, 0.0, 1.0]], "distortion": [-0.07472127406065505, -0.01612472930739643, 0.0007725152197631731, -5.1703809478315686e-05, -0.0617400347497742]}