{"objects": [24], "object_poses": {"24": [[-0.862667999274863, 0.01457164351829482, 0.505560669190453, 0.0334589884729114], [0.056508068284925494, -0.9905495881286434, 0.1249734038781543, 0.2652264009131623], [0.5026039805312208, 0.13637881310292688, 0.8536920159465158, 1.269595237515019], [0.0, 0.0, 0.0, 1.0]]}, "intrinsic": [[1935.57, 0.0, 1128.74], [0.0, 1936.06, 644.617], [0.0, 0.0, 1.0]], "distortion": [-0.07472127406065505, -0.01612472930739643, 0.0007725152197631731, -5.1703809478315686e-05, -0.0617400347497742]}