{"objects": [24], "object_poses": {"24": [[-0.8828589122920216, 0.01635179913630619, 0.4693535550643821, 0.04141453761096273], [0.0494376158351514, -0.9906051508636894, 0.1275043419765664, 0.265376558276398], [0.46702897461196397, 0.13577206541607992, 0.8737561920384691, 1.2563522592610386], [0.0, 0.0, 0.0, 1.0]]}, "intrinsic": [[1935.57, 0.0, 1128.74], [0.0, 1936.06, 644.617], [0.0, 0.0, 1.0]], "distortion": [-0.07472127406065505, -0.01612472930739643, 0.0007725152197631731, -5.1703809478315686e-05, -0.0617400347497742]}