{"objects": [24], "object_poses": {"24": [[-0.8895374553480107, 0.005901220630243698, 0.4568241358860941, 0.0272245037904253], [0.061838840844762745, -0.9891591945626539, 0.13319176241476186, 0.267568638104322], [0.452657788286006, 0.1467285364448537, 0.8795292282220014, 1.252349579734459], [0.0, 0.0, 0.0, 1.0]]}, "intrinsic": [[1935.57, 0.0, 1128.74], [0.0, 1936.06, 644.617], [0.0, 0.0, 1.0]], "distortion": [-0.07472127406065505, -0.01612472930739643, 0.0007725152197631731, -5.1703809478315686e-05, -0.0617400347497742]}