{"objects": [24], "object_poses": {"24": [[-0.8847670042129218, 0.01340561824191825, 0.46584078573656773, 0.04171311404312246], [0.054432574034266185, -0.9897718943195513, 0.13186619012887818, 0.26591975382210564], [0.46284386475367095, 0.14202776705508885, 0.8749878114838229, 1.2549084878893155], [0.0, 0.0, 0.0, 1.0]]}, "intrinsic": [[1935.57, 0.0, 1128.74], [0.0, 1936.06, 644.617], [0.0, 0.0, 1.0]], "distortion": [-0.07472127406065505, -0.01612472930739643, 0.0007725152197631731, -5.1703809478315686e-05, -0.0617400347497742]}