{"objects": [24], "object_poses": {"24": [[-0.7910369452821501, 0.013681100884133346, 0.6116153845982781, 0.183058445926141], [0.07223243599216532, -0.9906680529611841, 0.1155823690393468, 0.266460890608661], [0.6074891162723322, 0.1356083932531809, 0.7826668111591094, 1.2912706962479024], [0.0, 0.0, 0.0, 1.0]]}, "intrinsic": [[1935.57, 0.0, 1128.74], [0.0, 1936.06, 644.617], [0.0, 0.0, 1.0]], "distortion": [-0.07472127406065505, -0.01612472930739643, 0.0007725152197631731, -5.1703809478315686e-05, -0.0617400347497742]}