{"objects": [24], "object_poses": {"24": [[-0.6814182927786523, 0.01958600733099641, 0.731632078700402, 0.2267245933310604], [0.08320215281783817, -0.9910885486335147, 0.10402350952548452, 0.2652591978259659], [0.7271495802330596, 0.13175688628816706, 0.6737162688272728, 1.2995547425933802], [0.0, 0.0, 0.0, 1.0]]}, "intrinsic": [[1935.57, 0.0, 1128.74], [0.0, 1936.06, 644.617], [0.0, 0.0, 1.0]], "distortion": [-0.07472127406065505, -0.01612472930739643, 0.0007725152197631731, -5.1703809478315686e-05, -0.0617400347497742]}