{"objects": [24], "object_poses": {"24": [[-0.7622112640609646, 0.012976624259888856, 0.6471982665006298, 0.23184974574401765], [0.07527824794674683, -0.9912387598673629, 0.10853066996333235, 0.26686131719074946], [0.6429363687991763, 0.13144325071847765, 0.754556490606174, 1.2968737841852587], [0.0, 0.0, 0.0, 1.0]]}, "intrinsic": [[1935.57, 0.0, 1128.74], [0.0, 1936.06, 644.617], [0.0, 0.0, 1.0]], "distortion": [-0.07472127406065505, -0.01612472930739643, 0.0007725152197631731, -5.1703809478315686e-05, -0.0617400347497742]}