{"objects": [24], "object_poses": {"24": [[-0.7784519323895469, 0.012035636228039596, 0.6275888243265509, 0.20638731388546117], [0.07280557474357256, -0.99133689236516, 0.10931840705963433, 0.26603075049051095], [0.6234676713713827, 0.13079109027906036, 0.7708318580977157, 1.293247444838577], [0.0, 0.0, 0.0, 1.0]]}, "intrinsic": [[1935.57, 0.0, 1128.74], [0.0, 1936.06, 644.617], [0.0, 0.0, 1.0]], "distortion": [-0.07472127406065505, -0.01612472930739643, 0.0007725152197631731, -5.1703809478315686e-05, -0.0617400347497742]}