{"objects": [24], "object_poses": {"24": [[-0.7307596750674177, 0.019296685329075598, 0.682362026515754, 0.19886075431203584], [0.07195402833569485, -0.9918544579121561, 0.10510638480158599, 0.2674607104112383], [0.6788320227432127, 0.12590620419623808, 0.7234187671350999, 1.310533698554886], [0.0, 0.0, 0.0, 1.0]]}, "intrinsic": [[1935.57, 0.0, 1128.74], [0.0, 1936.06, 644.617], [0.0, 0.0, 1.0]], "distortion": [-0.07472127406065505, -0.01612472930739643, 0.0007725152197631731, -5.1703809478315686e-05, -0.0617400347497742]}