{"objects": [24], "object_poses": {"24": [[-0.4954667207134497, 0.02020623550644949, 0.8683918681748072, 0.29040963502332356], [0.10150427305460005, -0.9915332734540026, 0.08098549367173308, 0.2633001275029539], [0.8626758436499381, 0.1282711022805064, 0.48922072023027263, 1.2898840828462694], [0.0, 0.0, 0.0, 1.0]]}, "intrinsic": [[1935.57, 0.0, 1128.74], [0.0, 1936.06, 644.617], [0.0, 0.0, 1.0]], "distortion": [-0.07472127406065505, -0.01612472930739643, 0.0007725152197631731, -5.1703809478315686e-05, -0.0617400347497742]}