{"objects": [24], "object_poses": {"24": [[-0.46803726365227677, 0.021021619535012418, 0.8834586641971598, 0.27257704102523145], [0.10182524321475168, -0.9917754686362728, 0.07754379185702294, 0.26414260669187783], [0.8778227267946318, 0.12625177750604055, 0.4620473449760535, 1.2965038825901867], [0.0, 0.0, 0.0, 1.0]]}, "intrinsic": [[1935.57, 0.0, 1128.74], [0.0, 1936.06, 644.617], [0.0, 0.0, 1.0]], "distortion": [-0.07472127406065505, -0.01612472930739643, 0.0007725152197631731, -5.1703809478315686e-05, -0.0617400347497742]}