{"objects": [24], "object_poses": {"24": [[-0.6578367997362143, 0.021637823856424793, 0.7528496194404228, 0.25774143947474903], [0.08247244224037044, -0.9915068040218011, 0.1005611945503485, 0.2639100036240245], [0.748631445494869, 0.12824220115564075, 0.6504651386961727, 1.2977329931243602], [0.0, 0.0, 0.0, 1.0]]}, "intrinsic": [[1935.57, 0.0, 1128.74], [0.0, 1936.06, 644.617], [0.0, 0.0, 1.0]], "distortion": [-0.07472127406065505, -0.01612472930739643, 0.0007725152197631731, -5.1703809478315686e-05, -0.0617400347497742]}