{"objects": [24], "object_poses": {"24": [[-0.5722021285491655, 0.023094805825336916, 0.8197873834279901, 0.3468157353951591], [0.0925776827396356, -0.9913951500653624, 0.09254744234957066, 0.26144756916555634], [0.8148706012259723, 0.1288498598011611, 0.5651403514940841, 1.2799846867668256], [0.0, 0.0, 0.0, 1.0]]}, "intrinsic": [[1935.57, 0.0, 1128.74], [0.0, 1936.06, 644.617], [0.0, 0.0, 1.0]], "distortion": [-0.07472127406065505, -0.01612472930739643, 0.0007725152197631731, -5.1703809478315686e-05, -0.0617400347497742]}