{"objects": [24], "object_poses": {"24": [[-0.5480690620165538, 0.0194496214195676, 0.8362069214536236, 0.35726611460927815], [0.09463035361628903, -0.9918690734629363, 0.0850931094874344, 0.26047054609453685], [0.8310628131704401, 0.12576745737439793, 0.5417722281834204, 1.2767033733361641], [0.0, 0.0, 0.0, 1.0]]}, "intrinsic": [[1935.57, 0.0, 1128.74], [0.0, 1936.06, 644.617], [0.0, 0.0, 1.0]], "distortion": [-0.07472127406065505, -0.01612472930739643, 0.0007725152197631731, -5.1703809478315686e-05, -0.0617400347497742]}