{"objects": [24], "object_poses": {"24": [[-0.44464692098669323, 0.02783905479428009, 0.8952732000262441, 0.26913341614193054], [0.09937448923046115, -0.9918131104560048, 0.08019641399576441, 0.26618007663154775], [0.8901762895894574, 0.1246264055317223, 0.4382401539076538, 1.2991153205308545], [0.0, 0.0, 0.0, 1.0]]}, "intrinsic": [[1935.57, 0.0, 1128.74], [0.0, 1936.06, 644.617], [0.0, 0.0, 1.0]], "distortion": [-0.07472127406065505, -0.01612472930739643, 0.0007725152197631731, -5.1703809478315686e-05, -0.0617400347497742]}