{"objects": [24], "object_poses": {"24": [[-0.4856751606700033, 0.017697633987750483, 0.8739602005008108, 0.2820055706482835], [0.10584893394240943, -0.9912475021003342, 0.07889482088904998, 0.2637482424377524], [0.867707117345153, 0.13082501034242883, 0.47955101415540946, 1.2912317663088393], [0.0, 0.0, 0.0, 1.0]]}, "intrinsic": [[1935.57, 0.0, 1128.74], [0.0, 1936.06, 644.617], [0.0, 0.0, 1.0]], "distortion": [-0.07472127406065505, -0.01612472930739643, 0.0007725152197631731, -5.1703809478315686e-05, -0.0617400347497742]}