{"objects": [24], "object_poses": {"24": [[-0.6052147026395532, 0.02190389666899575, 0.7957608830670474, 0.31574453361179317], [0.08759426786634644, -0.9917190895129306, 0.09391747298883452, 0.26139299199581617], [0.7912284170490133, 0.12654432743653496, 0.5982843180693933, 1.286714628185263], [0.0, 0.0, 0.0, 1.0]]}, "intrinsic": [[1935.57, 0.0, 1128.74], [0.0, 1936.06, 644.617], [0.0, 0.0, 1.0]], "distortion": [-0.07472127406065505, -0.01612472930739643, 0.0007725152197631731, -5.1703809478315686e-05, -0.0617400347497742]}