{"objects": [24], "object_poses": {"24": [[-0.17313605859791154, 0.021332924678765373, 0.984666853071557, 0.3344945027968709], [0.11016858780793207, -0.9930715994692755, 0.04088619067542947, 0.26771444144237166], [0.9787169087502262, 0.11555823056880264, 0.16958628445195995, 1.2913447981726032], [0.0, 0.0, 0.0, 1.0]]}, "intrinsic": [[1935.57, 0.0, 1128.74], [0.0, 1936.06, 644.617], [0.0, 0.0, 1.0]], "distortion": [-0.07472127406065505, -0.01612472930739643, 0.0007725152197631731, -5.1703809478315686e-05, -0.0617400347497742]}