{"objects": [24], "object_poses": {"24": [[-0.347246859063138, 0.022278538390228704, 0.9375090856082373, 0.29726647420582], [0.1141425772486085, -0.9912806674911732, 0.06583396021287503, 0.2680552421684014], [0.9308013165707508, 0.12987033912892149, 0.3416761684471265, 1.2977863050428708], [0.0, 0.0, 0.0, 1.0]]}, "intrinsic": [[1935.57, 0.0, 1128.74], [0.0, 1936.06, 644.617], [0.0, 0.0, 1.0]], "distortion": [-0.07472127406065505, -0.01612472930739643, 0.0007725152197631731, -5.1703809478315686e-05, -0.0617400347497742]}