{"objects": [24], "object_poses": {"24": [[-0.385635438314121, 0.018824932236301266, 0.9224591755967247, 0.2889528095616821], [0.1157979508030308, -0.9908988874829782, 0.06863111083776689, 0.2684802901588185], [0.9153557468580773, 0.13328547074346347, 0.37994583822249883, 1.2984167370444706], [0.0, 0.0, 0.0, 1.0]]}, "intrinsic": [[1935.57, 0.0, 1128.74], [0.0, 1936.06, 644.617], [0.0, 0.0, 1.0]], "distortion": [-0.07472127406065505, -0.01612472930739643, 0.0007725152197631731, -5.1703809478315686e-05, -0.0617400347497742]}