{"objects": [24], "object_poses": {"24": [[-0.21928718989431722, 0.02156947575215511, 0.975421901570826, 0.3226937284761151], [0.11859964465869552, -0.9917523966098131, 0.048593292804018084, 0.26752819691224744], [0.9684251404394153, 0.12634057754531586, 0.21492046396383716, 1.2915547162375534], [0.0, 0.0, 0.0, 1.0]]}, "intrinsic": [[1935.57, 0.0, 1128.74], [0.0, 1936.06, 644.617], [0.0, 0.0, 1.0]], "distortion": [-0.07472127406065505, -0.01612472930739643, 0.0007725152197631731, -5.1703809478315686e-05, -0.0617400347497742]}