{"objects": [24], "object_poses": {"24": [[-0.42010420036941604, 0.02402923469650727, 0.9071576801812848, 0.2751574538921736], [0.10515748110238529, -0.9916260114748138, 0.07496504208471956, 0.266672322821273], [0.9013625047671936, 0.12688754567120972, 0.4140593988226339, 1.2994716510164381], [0.0, 0.0, 0.0, 1.0]]}, "intrinsic": [[1935.57, 0.0, 1128.74], [0.0, 1936.06, 644.617], [0.0, 0.0, 1.0]], "distortion": [-0.07472127406065505, -0.01612472930739643, 0.0007725152197631731, -5.1703809478315686e-05, -0.0617400347497742]}