{"objects": [24], "object_poses": {"24": [[-0.005708258900510956, 0.014383170765585034, 0.9998802629210499, 0.34680971125768], [0.14388723575281193, -0.9894795653819268, 0.015055001794035225, 0.2680188098726014], [0.98957762665076, 0.14395594496349237, 0.003578650853144232, 1.2784736208004663], [0.0, 0.0, 0.0, 1.0]]}, "intrinsic": [[1935.57, 0.0, 1128.74], [0.0, 1936.06, 644.617], [0.0, 0.0, 1.0]], "distortion": [-0.07472127406065505, -0.01612472930739643, 0.0007725152197631731, -5.1703809478315686e-05, -0.0617400347497742]}