{"objects": [24], "object_poses": {"24": [[-0.08774778782013562, 0.018888716726146445, 0.9959636248945647, 0.34234805727709317], [0.12856233302703512, -0.9912437398125348, 0.03012598229295278, 0.26889142776189934], [0.9878117494033601, 0.1306868955286231, 0.08455106786890672, 1.285655475841082], [0.0, 0.0, 0.0, 1.0]]}, "intrinsic": [[1935.57, 0.0, 1128.74], [0.0, 1936.06, 644.617], [0.0, 0.0, 1.0]], "distortion": [-0.07472127406065505, -0.01612472930739643, 0.0007725152197631731, -5.1703809478315686e-05, -0.0617400347497742]}