{"objects": [24], "object_poses": {"24": [[0.008357279559551619, 0.019140405976431633, 0.9997818765798048, 0.34741075427154167], [0.10696872750462551, -0.9940969398303597, 0.018137407641779915, 0.2656509604696661], [0.9942272613514578, 0.10679381573378173, -0.01035537090667853, 1.2832693995641034], [0.0, 0.0, 0.0, 1.0]]}, "intrinsic": [[1935.57, 0.0, 1128.74], [0.0, 1936.06, 644.617], [0.0, 0.0, 1.0]], "distortion": [-0.07472127406065505, -0.01612472930739643, 0.0007725152197631731, -5.1703809478315686e-05, -0.0617400347497742]}