{"objects": [24], "object_poses": {"24": [[-0.15024790378133987, 0.017407582675541797, 0.9884950902633384, 0.33900800029691525], [0.111524344643026, -0.9931647036488143, 0.03444113787487389, 0.2677749538157566], [0.9823379703346868, 0.11541597589401359, 0.14727954558313966, 1.2896775793280337], [0.0, 0.0, 0.0, 1.0]]}, "intrinsic": [[1935.57, 0.0, 1128.74], [0.0, 1936.06, 644.617], [0.0, 0.0, 1.0]], "distortion": [-0.07472127406065505, -0.01612472930739643, 0.0007725152197631731, -5.1703809478315686e-05, -0.0617400347497742]}