{"objects": [24], "object_poses": {"24": [[-0.12151102597672661, 0.009910377313514962, 0.9925406062159876, 0.34127326762367116], [0.12210243504501547, -0.9922062324067717, 0.0248553360316387, 0.26966507005561546], [0.9850513011626219, 0.12421182228222988, 0.11935391607805314, 1.287512636774059], [0.0, 0.0, 0.0, 1.0]]}, "intrinsic": [[1935.57, 0.0, 1128.74], [0.0, 1936.06, 644.617], [0.0, 0.0, 1.0]], "distortion": [-0.07472127406065505, -0.01612472930739643, 0.0007725152197631731, -5.1703809478315686e-05, -0.0617400347497742]}