{"objects": [24], "object_poses": {"24": [[0.052570359511478995, 0.016089991788206928, 0.9984875910421216, 0.33973585328647216], [0.10764824504306125, -0.9941351456361074, 0.01035217611083829, 0.2667259675327614], [0.9927981731651173, 0.10694121925308801, -0.053994101387845474, 1.284431194605296], [0.0, 0.0, 0.0, 1.0]]}, "intrinsic": [[1935.57, 0.0, 1128.74], [0.0, 1936.06, 644.617], [0.0, 0.0, 1.0]], "distortion": [-0.07472127406065505, -0.01612472930739643, 0.0007725152197631731, -5.1703809478315686e-05, -0.0617400347497742]}