{"objects": [24], "object_poses": {"24": [[0.02889790313292579, 0.011322380233702644, 0.9995182414045145, 0.34323211199386405], [0.1180759556181915, -0.9929736603075977, 0.007834452130922818, 0.2661449758075124], [0.9925839913575996, 0.11779267227287446, -0.030031757515083093, 1.2833961874141713], [0.0, 0.0, 0.0, 1.0]]}, "intrinsic": [[1935.57, 0.0, 1128.74], [0.0, 1936.06, 644.617], [0.0, 0.0, 1.0]], "distortion": [-0.07472127406065505, -0.01612472930739643, 0.0007725152197631731, -5.1703809478315686e-05, -0.0617400347497742]}