{"objects": [24], "object_poses": {"24": [[-0.002260363276350074, 0.01577006775065403, 0.9998730898074085, 0.34565568199889085], [0.11706638916320486, -0.9929963821495189, 0.01592625399356903, 0.266843493345708], [0.993121518891906, 0.11708753136486733, 0.00039838766732996916, 1.282557227016958], [0.0, 0.0, 0.0, 1.0]]}, "intrinsic": [[1935.57, 0.0, 1128.74], [0.0, 1936.06, 644.617], [0.0, 0.0, 1.0]], "distortion": [-0.07472127406065505, -0.01612472930739643, 0.0007725152197631731, -5.1703809478315686e-05, -0.0617400347497742]}