{"objects": [24], "object_poses": {"24": [[-0.025814791901688592, 0.020951383385134734, 0.9994471652135166, 0.3465277605059677], [0.14093451543921234, -0.9897184978181691, 0.02438764921982189, 0.2691585059087694], [0.9896823019924138, 0.1414861640260445, 0.022596603997261697, 1.279700776235855], [0.0, 0.0, 0.0, 1.0]]}, "intrinsic": [[1935.57, 0.0, 1128.74], [0.0, 1936.06, 644.617], [0.0, 0.0, 1.0]], "distortion": [-0.07472127406065505, -0.01612472930739643, 0.0007725152197631731, -5.1703809478315686e-05, -0.0617400347497742]}