{"objects": [24], "object_poses": {"24": [[0.14479700611577825, 0.0017084454952573328, 0.9894599073403161, 0.3317135420809433], [0.10292500005221195, -0.9945995999574284, -0.01334466667921065, 0.2626459912712079], [0.9840936293789188, 0.10377242879742771, -0.14419088611047456, 1.2870094146320286], [0.0, 0.0, 0.0, 1.0]]}, "intrinsic": [[1935.57, 0.0, 1128.74], [0.0, 1936.06, 644.617], [0.0, 0.0, 1.0]], "distortion": [-0.07472127406065505, -0.01612472930739643, 0.0007725152197631731, -5.1703809478315686e-05, -0.0617400347497742]}