{"objects": [24], "object_poses": {"24": [[0.08823418339502073, 0.012663119364423917, 0.9960192640148018, 0.32925666202762416], [0.10896975811004118, -0.9940405844399313, 0.002984678168035803, 0.2632979947894072], [0.9901213666506066, 0.10827262763178144, -0.08908825628362728, 1.2869402285380347], [0.0, 0.0, 0.0, 1.0]]}, "intrinsic": [[1935.57, 0.0, 1128.74], [0.0, 1936.06, 644.617], [0.0, 0.0, 1.0]], "distortion": [-0.07472127406065505, -0.01612472930739643, 0.0007725152197631731, -5.1703809478315686e-05, -0.0617400347497742]}