{"objects": [24], "object_poses": {"24": [[0.09326750608146624, 0.004840174161348794, 0.9956293210946746, 0.3305283179269436], [0.1041600154301469, -0.994548370092717, -0.004922472094391726, 0.2624035698800979], [0.9901776928889812, 0.10416387214392824, -0.09326319877126593, 1.2877993246871258], [0.0, 0.0, 0.0, 1.0]]}, "intrinsic": [[1935.57, 0.0, 1128.74], [0.0, 1936.06, 644.617], [0.0, 0.0, 1.0]], "distortion": [-0.07472127406065505, -0.01612472930739643, 0.0007725152197631731, -5.1703809478315686e-05, -0.0617400347497742]}