{"objects": [24], "object_poses": {"24": [[0.071935220815005, 0.014125445299528938, 0.9973092779080087, 0.3321612232437887], [0.1221348730231465, -0.9924996388761351, 0.005247820725772263, 0.2641986937788535], [0.9899032259761195, 0.12142873887939568, -0.07312089014942112, 1.2848483977835572], [0.0, 0.0, 0.0, 1.0]]}, "intrinsic": [[1935.57, 0.0, 1128.74], [0.0, 1936.06, 644.617], [0.0, 0.0, 1.0]], "distortion": [-0.07472127406065505, -0.01612472930739643, 0.0007725152197631731, -5.1703809478315686e-05, -0.0617400347497742]}