{"objects": [24], "object_poses": {"24": [[0.10247353469011673, 0.006691769270262447, 0.9947132224476355, 0.3310461168415326], [0.1084308449954646, -0.9940938873452103, -0.004482744300976632, 0.2636181215349272], [0.9888083366060878, 0.10831695789179238, -0.10259390864659212, 1.2865346265362303], [0.0, 0.0, 0.0, 1.0]]}, "intrinsic": [[1935.57, 0.0, 1128.74], [0.0, 1936.06, 644.617], [0.0, 0.0, 1.0]], "distortion": [-0.07472127406065505, -0.01612472930739643, 0.0007725152197631731, -5.1703809478315686e-05, -0.0617400347497742]}