{"objects": [24], "object_poses": {"24": [[0.10609655920965877, 0.005782012980475695, 0.9943390208826046, 0.3323030934448057], [0.11011178763032216, -0.9939012823191741, -0.005969525036899731, 0.262238332930659], [0.988240312043959, 0.11012179316649984, -0.10608617403351317, 1.2853681606954472], [0.0, 0.0, 0.0, 1.0]]}, "intrinsic": [[1935.57, 0.0, 1128.74], [0.0, 1936.06, 644.617], [0.0, 0.0, 1.0]], "distortion": [-0.07472127406065505, -0.01612472930739643, 0.0007725152197631731, -5.1703809478315686e-05, -0.0617400347497742]}