{"objects": [24], "object_poses": {"24": [[0.12146366076673709, 0.010115406313283015, 0.992544335366572, 0.33120814933499776], [0.11686335927919514, -0.9931392069908859, -0.00417980807039364, 0.2643449170318213], [0.9856924136723061, 0.11649976005400697, -0.1218124440943318, 1.2844957611599686], [0.0, 0.0, 0.0, 1.0]]}, "intrinsic": [[1935.57, 0.0, 1128.74], [0.0, 1936.06, 644.617], [0.0, 0.0, 1.0]], "distortion": [-0.07472127406065505, -0.01612472930739643, 0.0007725152197631731, -5.1703809478315686e-05, -0.0617400347497742]}