{"objects": [24], "object_poses": {"24": [[0.22260800720078736, 0.010030956430545471, 0.9748564279129475, 0.34781476080553675], [0.12071535235910712, -0.9925354890508793, -0.01735242574845845, 0.2644226591067464], [0.9674055400063212, 0.12154292611101622, -0.22215723773368895, 1.2788726822715835], [0.0, 0.0, 0.0, 1.0]]}, "intrinsic": [[1935.57, 0.0, 1128.74], [0.0, 1936.06, 644.617], [0.0, 0.0, 1.0]], "distortion": [-0.07472127406065505, -0.01612472930739643, 0.0007725152197631731, -5.1703809478315686e-05, -0.0617400347497742]}