{"objects": [24], "object_poses": {"24": [[0.22502847613463986, 0.010123719583171974, 0.9742995921328984, 0.34847435682078987], [0.12224244098348935, -0.9923384352095929, -0.01792248945276147, 0.2643441590243325], [0.9666534904250504, 0.12313383088163851, -0.22454195407872468, 1.2780351294819328], [0.0, 0.0, 0.0, 1.0]]}, "intrinsic": [[1935.57, 0.0, 1128.74], [0.0, 1936.06, 644.617], [0.0, 0.0, 1.0]], "distortion": [-0.07472127406065505, -0.01612472930739643, 0.0007725152197631731, -5.1703809478315686e-05, -0.0617400347497742]}