{"objects": [24], "object_poses": {"24": [[0.17005568157910686, 0.012914974337714604, 0.9853498204193946, 0.33059379436917535], [0.11374596304263888, -0.9934878840086426, -0.006609101265699338, 0.26466130370307683], [0.9788477517235157, 0.11320347947785986, -0.17041728544938958, 1.2866255542203038], [0.0, 0.0, 0.0, 1.0]]}, "intrinsic": [[1935.57, 0.0, 1128.74], [0.0, 1936.06, 644.617], [0.0, 0.0, 1.0]], "distortion": [-0.07472127406065505, -0.01612472930739643, 0.0007725152197631731, -5.1703809478315686e-05, -0.0617400347497742]}