{"objects": [24], "object_poses": {"24": [[0.23064155838429168, 0.0035466821145394302, 0.9730323183697737, 0.34988517750099757], [0.11724897939189881, -0.9928083062123799, -0.024173207219384277, 0.2635372429694708], [0.9659488332089017, 0.11966239242841441, -0.2293986997798507, 1.2777872780525517], [0.0, 0.0, 0.0, 1.0]]}, "intrinsic": [[1935.57, 0.0, 1128.74], [0.0, 1936.06, 644.617], [0.0, 0.0, 1.0]], "distortion": [-0.07472127406065505, -0.01612472930739643, 0.0007725152197631731, -5.1703809478315686e-05, -0.0617400347497742]}