{"objects": [24], "object_poses": {"24": [[0.21031588273394322, 0.01234999964150334, 0.9775554751412859, 0.3460881940170566], [0.12385061212881128, -0.9922005400322325, -0.014110784353515546, 0.26608109314032125], [0.9697568021649412, 0.12403856605349807, -0.21020508744136454, 1.2806089166763959], [0.0, 0.0, 0.0, 1.0]]}, "intrinsic": [[1935.57, 0.0, 1128.74], [0.0, 1936.06, 644.617], [0.0, 0.0, 1.0]], "distortion": [-0.07472127406065505, -0.01612472930739643, 0.0007725152197631731, -5.1703809478315686e-05, -0.0617400347497742]}