{"objects": [24], "object_poses": {"24": [[0.22408614674557953, 0.0015863343426797724, 0.97456804912745, 0.3498924710853212], [0.10843023347004727, -0.9938306383670716, -0.023314088284471346, 0.2627974512366599], [0.9685186024575705, 0.11089700530789204, -0.22287568487251547, 1.2801680472487451], [0.0, 0.0, 0.0, 1.0]]}, "intrinsic": [[1935.57, 0.0, 1128.74], [0.0, 1936.06, 644.617], [0.0, 0.0, 1.0]], "distortion": [-0.07472127406065505, -0.01612472930739643, 0.0007725152197631731, -5.1703809478315686e-05, -0.0617400347497742]}