{"objects": [24], "object_poses": {"24": [[0.22082357239450426, 0.01029449298428651, 0.9752594389643912, 0.34793294186042834], [0.1287982019954628, -0.9914945451665375, -0.01869732782368097, 0.26608059231933645], [0.9667719343452618, 0.12974047294197377, -0.2202712796601694, 1.278283629944076], [0.0, 0.0, 0.0, 1.0]]}, "intrinsic": [[1935.57, 0.0, 1128.74], [0.0, 1936.06, 644.617], [0.0, 0.0, 1.0]], "distortion": [-0.07472127406065505, -0.01612472930739643, 0.0007725152197631731, -5.1703809478315686e-05, -0.0617400347497742]}