{"objects": [24], "object_poses": {"24": [[0.19547284984485266, 0.008022658116922382, 0.9806762982402927, 0.34200467919877664], [0.10646824035359694, -0.994229959782704, -0.01308819569309675, 0.26284676357763126], [0.9749127544398797, 0.10696926674158058, -0.19519912193252523, 1.2839842309096727], [0.0, 0.0, 0.0, 1.0]]}, "intrinsic": [[1935.57, 0.0, 1128.74], [0.0, 1936.06, 644.617], [0.0, 0.0, 1.0]], "distortion": [-0.07472127406065505, -0.01612472930739643, 0.0007725152197631731, -5.1703809478315686e-05, -0.0617400347497742]}