{"objects": [24], "object_poses": {"24": [[0.22691155080964417, 0.010665523071350871, 0.9738569683104338, 0.3488825792688466], [0.12213285622921821, -0.9923578922857867, -0.01758917415387465, 0.2644154704359712], [0.9662270507176206, 0.1229311198831977, -0.22648007909264017, 1.2778224026450486], [0.0, 0.0, 0.0, 1.0]]}, "intrinsic": [[1935.57, 0.0, 1128.74], [0.0, 1936.06, 644.617], [0.0, 0.0, 1.0]], "distortion": [-0.07472127406065505, -0.01612472930739643, 0.0007725152197631731, -5.1703809478315686e-05, -0.0617400347497742]}