{"objects": [24], "object_poses": {"24": [[0.22491562978129717, 0.005446062989365032, 0.9743630226347902, 0.3517116254247381], [0.11575939604101358, -0.9930516435716554, -0.021170626534356703, 0.2630335076257556], [0.9674775044972949, 0.11755327982474024, -0.22398326878172023, 1.2788243901333671], [0.0, 0.0, 0.0, 1.0]]}, "intrinsic": [[1935.57, 0.0, 1128.74], [0.0, 1936.06, 644.617], [0.0, 0.0, 1.0]], "distortion": [-0.07472127406065505, -0.01612472930739643, 0.0007725152197631731, -5.1703809478315686e-05, -0.0617400347497742]}