{"objects": [24], "object_poses": {"24": [[0.22943642239200635, 0.008075548096919362, 0.9732901487238526, 0.35250461343051454], [0.11569556349931638, -0.9931023460866697, -0.01903330722006957, 0.2633436145622581], [0.9664230257328018, 0.11697228611980108, -0.22878815444287254, 1.2777205689764592], [0.0, 0.0, 0.0, 1.0]]}, "intrinsic": [[1935.57, 0.0, 1128.74], [0.0, 1936.06, 644.617], [0.0, 0.0, 1.0]], "distortion": [-0.07472127406065505, -0.01612472930739643, 0.0007725152197631731, -5.1703809478315686e-05, -0.0617400347497742]}