{"objects": [24], "object_poses": {"24": [[0.22928925973825814, 0.0063803664016894085, 0.9733374164662902, 0.35254142118338394], [0.1119612328434311, -0.9935140559390275, -0.019862099379806392, 0.2625887292593149], [0.9668976769590841, 0.1135302231838499, -0.22851645611414004, 1.2782526889850372], [0.0, 0.0, 0.0, 1.0]]}, "intrinsic": [[1935.57, 0.0, 1128.74], [0.0, 1936.06, 644.617], [0.0, 0.0, 1.0]], "distortion": [-0.07472127406065505, -0.01612472930739643, 0.0007725152197631731, -5.1703809478315686e-05, -0.0617400347497742]}