{"objects": [24], "object_poses": {"24": [[0.22594571104411387, 0.008435843557820785, 0.974103368336363, 0.352313700049778], [0.11682405836874592, -0.9929803380907816, -0.018498312122499316, 0.2632159583271825], [0.9671094431588589, 0.11797832304535419, -0.22534515802293303, 1.2782426658085608], [0.0, 0.0, 0.0, 1.0]]}, "intrinsic": [[1935.57, 0.0, 1128.74], [0.0, 1936.06, 644.617], [0.0, 0.0, 1.0]], "distortion": [-0.07472127406065505, -0.01612472930739643, 0.0007725152197631731, -5.1703809478315686e-05, -0.0617400347497742]}