{"objects": [24], "object_poses": {"24": [[0.2301371417211071, 0.013481718527608511, 0.9730648176077425, 0.3531680742805611], [0.12498731912521019, -0.9920322708625846, -0.015815929473872434, 0.264649492218501], [0.9650984747984755, 0.12526059569063341, -0.22998851516738064, 1.2761029173056848], [0.0, 0.0, 0.0, 1.0]]}, "intrinsic": [[1935.57, 0.0, 1128.74], [0.0, 1936.06, 644.617], [0.0, 0.0, 1.0]], "distortion": [-0.07472127406065505, -0.01612472930739643, 0.0007725152197631731, -5.1703809478315686e-05, -0.0617400347497742]}