{"objects": [24], "object_poses": {"24": [[0.22987070982826177, 0.008087186970344523, 0.9731875739907316, 0.35231686797840367], [0.12159241297469957, -0.9923689332303034, -0.020474019301261928, 0.2639475067641165], [0.9655955374120427, 0.12303860274834605, -0.22909989167106617, 1.2775190142142372], [0.0, 0.0, 0.0, 1.0]]}, "intrinsic": [[1935.57, 0.0, 1128.74], [0.0, 1936.06, 644.617], [0.0, 0.0, 1.0]], "distortion": [-0.07472127406065505, -0.01612472930739643, 0.0007725152197631731, -5.1703809478315686e-05, -0.0617400347497742]}