{"objects": [24], "object_poses": {"24": [[0.23095229036293197, 0.01377278887167734, 0.9728675911257508, 0.3526772192324146], [0.1250561299733902, -0.9920263333339981, -0.015643475572578825, 0.264714366054027], [0.9648948149576765, 0.12527595243544537, -0.23083312545905943, 1.2768727687821146], [0.0, 0.0, 0.0, 1.0]]}, "intrinsic": [[1935.57, 0.0, 1128.74], [0.0, 1936.06, 644.617], [0.0, 0.0, 1.0]], "distortion": [-0.07472127406065505, -0.01612472930739643, 0.0007725152197631731, -5.1703809478315686e-05, -0.0617400347497742]}