{"objects": [24], "object_poses": {"24": [[0.23003137916650185, 0.015032107439767099, 0.973067109887435, 0.352452510518491], [0.12409881006515827, -0.9921709624768648, -0.014009516699441098, 0.26410214088567946], [0.9652383384113887, 0.12397909889840271, -0.23009592151355288, 1.2772321976721286], [0.0, 0.0, 0.0, 1.0]]}, "intrinsic": [[1935.57, 0.0, 1128.74], [0.0, 1936.06, 644.617], [0.0, 0.0, 1.0]], "distortion": [-0.07472127406065505, -0.01612472930739643, 0.0007725152197631731, -5.1703809478315686e-05, -0.0617400347497742]}