{"objects": [24], "object_poses": {"24": [[0.2276860650735456, 0.009326998397159655, 0.973689921315936, 0.3532657716113903], [0.11744516543870351, -0.9929170954535861, -0.017952010224387263, 0.2632604958719613], [0.9666259301748593, 0.11844259646310004, -0.22716879727788053, 1.2781846647383053], [0.0, 0.0, 0.0, 1.0]]}, "intrinsic": [[1935.57, 0.0, 1128.74], [0.0, 1936.06, 644.617], [0.0, 0.0, 1.0]], "distortion": [-0.07472127406065505, -0.01612472930739643, 0.0007725152197631731, -5.1703809478315686e-05, -0.0617400347497742]}