{"objects": [24], "object_poses": {"24": [[0.22831700365385998, 0.00651634419483576, 0.9735650379409012, 0.35225514671857483], [0.1165866721038792, -0.9929648798034103, -0.020695298131461266, 0.2623660297986647], [0.9665810331939478, 0.11822979630931582, -0.2274704849741887, 1.278284234096461], [0.0, 0.0, 0.0, 1.0]]}, "intrinsic": [[1935.57, 0.0, 1128.74], [0.0, 1936.06, 644.617], [0.0, 0.0, 1.0]], "distortion": [-0.07472127406065505, -0.01612472930739643, 0.0007725152197631731, -5.1703809478315686e-05, -0.0617400347497742]}