{"objects": [24], "object_poses": {"24": [[0.23291645198433822, 0.010834841071591652, 0.9724363900091311, 0.3531543240955701], [0.12298526257310595, -0.9922378747207344, -0.018401770553766395, 0.2646557846543756], [0.9646888366643745, 0.12388141986853021, -0.23244105107855997, 1.2769245204351691], [0.0, 0.0, 0.0, 1.0]]}, "intrinsic": [[1935.57, 0.0, 1128.74], [0.0, 1936.06, 644.617], [0.0, 0.0, 1.0]], "distortion": [-0.07472127406065505, -0.01612472930739643, 0.0007725152197631731, -5.1703809478315686e-05, -0.0617400347497742]}