{"objects": [24], "object_poses": {"24": [[0.22967841567709657, 0.007820782304281486, 0.9732351518190338, 0.3539953626985951], [0.11872234208014609, -0.9927252317782002, -0.020040451141008463, 0.2638640438944768], [0.9659983596585854, 0.12014761568620416, -0.2289360600295582, 1.2774517331840851], [0.0, 0.0, 0.0, 1.0]]}, "intrinsic": [[1935.57, 0.0, 1128.74], [0.0, 1936.06, 644.617], [0.0, 0.0, 1.0]], "distortion": [-0.07472127406065505, -0.01612472930739643, 0.0007725152197631731, -5.1703809478315686e-05, -0.0617400347497742]}