{"objects": [24], "object_poses": {"24": [[0.22958344396688896, 0.009407391972235508, 0.9732435169229725, 0.3525366513420516], [0.11899647492863065, -0.9927227774095457, -0.01847501466439689, 0.2634521662284313], [0.9659872055109617, 0.12005410525496762, -0.2290321606250283, 1.2779627467079937], [0.0, 0.0, 0.0, 1.0]]}, "intrinsic": [[1935.57, 0.0, 1128.74], [0.0, 1936.06, 644.617], [0.0, 0.0, 1.0]], "distortion": [-0.07472127406065505, -0.01612472930739643, 0.0007725152197631731, -5.1703809478315686e-05, -0.0617400347497742]}