{"objects": [24], "object_poses": {"24": [[0.229663969712915, 0.012542707611646687, 0.9731891601849472, 0.35228564188007905], [0.11774996127405742, -0.9929301195502898, -0.014990807510286253, 0.2643876295876665], [0.9661208038520219, 0.11803583428612542, -0.22951717623898138, 1.277701662754075], [0.0, 0.0, 0.0, 1.0]]}, "intrinsic": [[1935.57, 0.0, 1128.74], [0.0, 1936.06, 644.617], [0.0, 0.0, 1.0]], "distortion": [-0.07472127406065505, -0.01612472930739643, 0.0007725152197631731, -5.1703809478315686e-05, -0.0617400347497742]}