{"objects": [24], "object_poses": {"24": [[0.23353029707917516, 0.005643262274756392, 0.9723331496647715, 0.3545081769846339], [0.11703763714921937, -0.9928760249859173, -0.02234704675561476, 0.26297700188079093], [0.9652801623552871, 0.11901828682630508, -0.23252710716020372, 1.2768373283584458], [0.0, 0.0, 0.0, 1.0]]}, "intrinsic": [[1935.57, 0.0, 1128.74], [0.0, 1936.06, 644.617], [0.0, 0.0, 1.0]], "distortion": [-0.07472127406065505, -0.01612472930739643, 0.0007725152197631731, -5.1703809478315686e-05, -0.0617400347497742]}